-- Generated book data from Google Books API
-- DO NOT run this in production - use pre-generated data.sql instead

-- Book data
INSERT INTO book (isbn, title, subtitle, publisher, published_date) VALUES ('9781617297397', 'Java in Action, Second Edition', 'Lambdas, streams, functional and reactive programming', 'Manning Publications', '2020-01-01');
INSERT INTO book (isbn, title, subtitle, publisher, published_date) VALUES ('9781449370831', 'Java Pocket Guide', 'Instant Access to Java Fundamentals', 'O''Reilly Media', '2020-01-01');
INSERT INTO book (isbn, title, subtitle, publisher, published_date) VALUES ('9781492056300', 'Head First Java', 'A Brain-Friendly Guide', 'O''Reilly Media', '2020-01-01');
INSERT INTO book (isbn, title, subtitle, publisher, published_date) VALUES ('9781617294945', 'Spring in Action', 'Fifth Edition', 'Manning Publications', '2020-01-01');
INSERT INTO book (isbn, title, subtitle, publisher, published_date) VALUES ('9781785285080', 'Spring Boot 2.0 Cookbook', 'Configure, test, extend, deploy, and monitor your Spring Boot application both outside and inside the cloud', 'Packt Publishing', '2020-01-01');
INSERT INTO book (isbn, title, subtitle, publisher, published_date) VALUES ('9781617293290', 'Spring Boot in Action', NULL, 'Manning Publications', '2020-01-01');
INSERT INTO book (isbn, title, subtitle, publisher, published_date) VALUES ('9781491950401', 'Learning Python', 'Powerful Object-Oriented Programming', 'O''Reilly Media', '2020-01-01');
INSERT INTO book (isbn, title, subtitle, publisher, published_date) VALUES ('9781449357016', 'Fluent Python', 'Clear, Concise, and Effective Programming', 'O''Reilly Media', '2020-01-01');
INSERT INTO book (isbn, title, subtitle, publisher, published_date) VALUES ('9781593279288', 'Automate the Boring Stuff with Python', 'Practical Programming for Total Beginners', 'No Starch Press', '2020-01-01');
INSERT INTO book (isbn, title, subtitle, publisher, published_date) VALUES ('9781449331818', 'Learning JavaScript Design Patterns', 'A JavaScript and jQuery Developer''s Guide', 'O''Reilly Media', '2020-01-01');
INSERT INTO book (isbn, title, subtitle, publisher, published_date) VALUES ('9781492037255', 'React: Up & Running', 'Building Web Applications', 'O''Reilly Media', '2020-01-01');
INSERT INTO book (isbn, title, subtitle, publisher, published_date) VALUES ('9781491954324', 'Learning React', 'Functional Web Development with React and Redux', 'O''Reilly Media', '2020-01-01');
INSERT INTO book (isbn, title, subtitle, publisher, published_date) VALUES ('9781449373320', 'Designing Data-Intensive Applications', 'The Big Ideas Behind Reliable, Scalable, and Maintainable Systems', 'O''Reilly Media', '2020-01-01');
INSERT INTO book (isbn, title, subtitle, publisher, published_date) VALUES ('9781449367640', 'MongoDB: The Definitive Guide', 'Powerful and Scalable Data Storage', 'O''Reilly Media', '2020-01-01');
INSERT INTO book (isbn, title, subtitle, publisher, published_date) VALUES ('9781449306618', 'Learning MySQL', 'Get a Handle on Your Data', 'O''Reilly Media', '2020-01-01');
INSERT INTO book (isbn, title, subtitle, publisher, published_date) VALUES ('9780262033848', 'Introduction to Algorithms', 'Third Edition', 'MIT Press', '2020-01-01');
INSERT INTO book (isbn, title, subtitle, publisher, published_date) VALUES ('9781617292231', 'Grokking Algorithms', 'An illustrated guide for programmers and other curious people', 'Manning Publications', '2020-01-01');
INSERT INTO book (isbn, title, subtitle, publisher, published_date) VALUES ('9780321573513', 'Algorithms', 'Fourth Edition', 'Addison-Wesley Professional', '2020-01-01');
INSERT INTO book (isbn, title, subtitle, publisher, published_date) VALUES ('9780134052311', 'Clean Code', 'A Handbook of Agile Software Craftsmanship', 'Prentice Hall', '2020-01-01');
INSERT INTO book (isbn, title, subtitle, publisher, published_date) VALUES ('9780134757681', 'Clean Architecture', 'A Craftsman''s Guide to Software Structure and Design', 'Prentice Hall', '2020-01-01');
INSERT INTO book (isbn, title, subtitle, publisher, published_date) VALUES ('9780596009205', 'Head First Design Patterns', 'Building Extensible and Maintainable Object-Oriented Software', 'O''Reilly Media', '2020-01-01');
INSERT INTO book (isbn, title, subtitle, publisher, published_date) VALUES ('9789464632569', 'Computer Science', NULL, 'Research Culture Society & UCS Press', '2020-01-01');
INSERT INTO book (isbn, title, subtitle, publisher, published_date) VALUES ('9780133488852', 'The Art of Computer Programming', 'Volumes 1-4A Boxed Set', 'Addison-Wesley Professional', '2020-01-01');
INSERT INTO book (isbn, title, subtitle, publisher, published_date) VALUES ('9788120332782', 'Design and Analysis of Algorithms', NULL, 'PHI Learning Pvt. Ltd.', '2020-01-01');
INSERT INTO book (isbn, title, subtitle, publisher, published_date) VALUES ('9783319487434', 'Web Information Systems Engineering – WISE 2016', '17th International Conference, Shanghai, China, November 8-10, 2016, Proceedings, Part II', 'Springer', '2020-01-01');
INSERT INTO book (isbn, title, subtitle, publisher, published_date) VALUES ('9780201715941', 'Design Patterns Explained', 'A New Perspective on Object-Oriented Design', 'Addison-Wesley Professional', '2020-01-01');
INSERT INTO book (isbn, title, subtitle, publisher, published_date) VALUES ('9781599042213', 'Web Engineering', 'A Practitioner''s Approach', 'McGraw-Hill Science/Engineering/Math', '2020-01-01');
INSERT INTO book (isbn, title, subtitle, publisher, published_date) VALUES ('9780321700698', 'Design Patterns', 'Elements of Reusable Object-Oriented Software', 'Addison-Wesley Professional', '2020-01-01');
INSERT INTO book (isbn, title, subtitle, publisher, published_date) VALUES ('9783642013966', 'Software Architecture', '4th European Conference, ECSA 2010, Copenhagen, Denmark, August 23-26, 2010, Proceedings', 'Springer Science & Business Media', '2020-01-01');
INSERT INTO book (isbn, title, subtitle, publisher, published_date) VALUES ('9791173089138', '자바스크립트 디자인 패턴', NULL, '씨익북스', '2020-01-01');
INSERT INTO book (isbn, title, subtitle, publisher, published_date) VALUES ('9791169218399', 'Learning JavaScript Design Patterns', 'A JavaScript and jQuery Developer''s Guide 한국어판', '한빛미디어', '2020-01-01');
INSERT INTO book (isbn, title, subtitle, publisher, published_date) VALUES ('0201776405', 'Pattern-Oriented Analysis and Design', 'Composing Patterns to Design Software Systems', 'Addison-Wesley Professional', '2020-01-01');
INSERT INTO book (isbn, title, subtitle, publisher, published_date) VALUES ('0201485397', 'Java Design Patterns', 'A Tutorial', 'Addison-Wesley Professional', '2020-01-01');
INSERT INTO book (isbn, title, subtitle, publisher, published_date) VALUES ('0201699567', 'Real-Time Design Patterns', 'Robust Scalable Architecture for Real-Time Systems', 'Addison-Wesley Professional', '2020-01-01');
INSERT INTO book (isbn, title, subtitle, publisher, published_date) VALUES ('9781098139834', 'Learning JavaScript Design Patterns', 'A JavaScript and jQuery Developer''s Guide', 'O''Reilly Media', '2020-01-01');
INSERT INTO book (isbn, title, subtitle, publisher, published_date) VALUES ('9791173089794', '디자인 패턴과 함께하는 JavaScript', NULL, '씨익북스', '2020-01-01');
INSERT INTO book (isbn, title, subtitle, publisher, published_date) VALUES ('9780136083252', 'Clean Code', 'A Handbook of Agile Software Craftsmanship', 'Prentice Hall', '2020-01-01');
INSERT INTO book (isbn, title, subtitle, publisher, published_date) VALUES ('9791169218436', 'Clean Code', 'Bad code into good code', '한빛미디어', '2020-01-01');
INSERT INTO book (isbn, title, subtitle, publisher, published_date) VALUES ('9781804618752', 'Clean Code in PHP', 'Expert tips and best practices to write beautiful, human-friendly, and maintainable PHP', 'Packt Publishing Ltd', '2020-01-01');
INSERT INTO book (isbn, title, subtitle, publisher, published_date) VALUES ('9791140711802', '클린 코드를 위한 테스트 주도 개발', NULL, '길벗', '2020-01-01');
INSERT INTO book (isbn, title, subtitle, publisher, published_date) VALUES ('9781932504101', 'Refactoring in Large Software Projects', 'Performing Complex Restructurings Successfully', 'John Wiley & Sons', '2020-01-01');
INSERT INTO book (isbn, title, subtitle, publisher, published_date) VALUES ('9781786461933', 'Test-Driven Java Development', 'Invoke TDD principles for end-to-end application development', 'Packt Publishing Ltd', '2020-01-01');
INSERT INTO book (isbn, title, subtitle, publisher, published_date) VALUES ('9783642222030', 'Software Engineering and Computer Systems', 'Second International Conference, ICSECS 2011, Kuantan, Malaysia, June 27-29, 2011. Proceedings', 'Springer Science & Business Media', '2020-01-01');
INSERT INTO book (isbn, title, subtitle, publisher, published_date) VALUES ('9791160700176', 'Functional Programming in Scala', NULL, '제이펍', '2020-01-01');
INSERT INTO book (isbn, title, subtitle, publisher, published_date) VALUES ('9783031213885', 'Product-Focused Software Process Improvement', '23rd International Conference, PROFES 2022, Jyväskylä, Finland, November 21–23, 2022, Proceedings', 'Springer Nature', '2020-01-01');
INSERT INTO book (isbn, title, subtitle, publisher, published_date) VALUES ('9789401802901', 'The Open Group Architecture Framework TOGAF Version 9', 'A Pocket Guide', 'Van Haren', '2020-01-01');
INSERT INTO book (isbn, title, subtitle, publisher, published_date) VALUES ('9078525029', 'Software Architecture', 'Perspectives on an Emerging Discipline', 'Prentice Hall', '2020-01-01');
INSERT INTO book (isbn, title, subtitle, publisher, published_date) VALUES ('9780138158194', 'Service-Oriented Architecture', 'Analysis and Design for Services and Microservices', 'Prentice Hall', '2020-01-01');
INSERT INTO book (isbn, title, subtitle, publisher, published_date) VALUES ('VsdelAljaMMC', 'Library of Congress Subject Headings', NULL, 'Library of Congress', '2020-01-01');
INSERT INTO book (isbn, title, subtitle, publisher, published_date) VALUES ('9781630814342', 'Software Architectures', 'Case Studies', 'lulu.com', '2020-01-01');
INSERT INTO book (isbn, title, subtitle, publisher, published_date) VALUES ('y_zhAAAAMAAJ', 'Proceedings', NULL, 'The University', '2020-01-01');
INSERT INTO book (isbn, title, subtitle, publisher, published_date) VALUES ('CEl6ScPP8bgC', 'Library of Congress Subject Headings', 'Principles and Application', 'Libraries Unlimited', '2020-01-01');
INSERT INTO book (isbn, title, subtitle, publisher, published_date) VALUES ('186470019X', 'The Architecture of Symbiosis', NULL, 'Academy Editions', '2020-01-01');

-- Book authors data
INSERT INTO book_authors (book_isbn, authors) VALUES ('9781617297397', 'Raoul-Gabriel Urma');
INSERT INTO book_authors (book_isbn, authors) VALUES ('9781617297397', 'Mario Fusco');
INSERT INTO book_authors (book_isbn, authors) VALUES ('9781617297397', 'Alan Mycroft');
INSERT INTO book_authors (book_isbn, authors) VALUES ('9781449370831', 'Robert Liguori');
INSERT INTO book_authors (book_isbn, authors) VALUES ('9781449370831', 'Patricia Liguori');
INSERT INTO book_authors (book_isbn, authors) VALUES ('9781492056300', 'Kathy Sierra');
INSERT INTO book_authors (book_isbn, authors) VALUES ('9781492056300', 'Bert Bates');
INSERT INTO book_authors (book_isbn, authors) VALUES ('9781617294945', 'Craig Walls');
INSERT INTO book_authors (book_isbn, authors) VALUES ('9781785285080', 'Alex Antonov');
INSERT INTO book_authors (book_isbn, authors) VALUES ('9781617293290', 'Craig Walls');
INSERT INTO book_authors (book_isbn, authors) VALUES ('9781491950401', 'Mark Lutz');
INSERT INTO book_authors (book_isbn, authors) VALUES ('9781449357016', 'Luciano Ramalho');
INSERT INTO book_authors (book_isbn, authors) VALUES ('9781593279288', 'Al Sweigart');
INSERT INTO book_authors (book_isbn, authors) VALUES ('9781449331818', 'Addy Osmani');
INSERT INTO book_authors (book_isbn, authors) VALUES ('9781492037255', 'Stoyan Stefanov');
INSERT INTO book_authors (book_isbn, authors) VALUES ('9781491954324', 'Alex Banks');
INSERT INTO book_authors (book_isbn, authors) VALUES ('9781491954324', 'Eve Porcello');
INSERT INTO book_authors (book_isbn, authors) VALUES ('9781449373320', 'Martin Kleppmann');
INSERT INTO book_authors (book_isbn, authors) VALUES ('9781449367640', 'Kristina Chodorow');
INSERT INTO book_authors (book_isbn, authors) VALUES ('9781449306618', 'Seyed M.M. (Saied) Tahaghoghi');
INSERT INTO book_authors (book_isbn, authors) VALUES ('9781449306618', 'Hugh E. Williams');
INSERT INTO book_authors (book_isbn, authors) VALUES ('9780262033848', 'Thomas H. Cormen');
INSERT INTO book_authors (book_isbn, authors) VALUES ('9780262033848', 'Charles E. Leiserson');
INSERT INTO book_authors (book_isbn, authors) VALUES ('9780262033848', 'Ronald L. Rivest');
INSERT INTO book_authors (book_isbn, authors) VALUES ('9780262033848', 'Clifford Stein');
INSERT INTO book_authors (book_isbn, authors) VALUES ('9781617292231', 'Aditya Bhargava');
INSERT INTO book_authors (book_isbn, authors) VALUES ('9780321573513', 'Robert Sedgewick');
INSERT INTO book_authors (book_isbn, authors) VALUES ('9780321573513', 'Kevin Wayne');
INSERT INTO book_authors (book_isbn, authors) VALUES ('9780134052311', 'Robert C. Martin');
INSERT INTO book_authors (book_isbn, authors) VALUES ('9780134757681', 'Robert C. Martin');
INSERT INTO book_authors (book_isbn, authors) VALUES ('9780596009205', 'Eric Freeman');
INSERT INTO book_authors (book_isbn, authors) VALUES ('9780596009205', 'Elisabeth Robson');
INSERT INTO book_authors (book_isbn, authors) VALUES ('9780596009205', 'Kathy Sierra');
INSERT INTO book_authors (book_isbn, authors) VALUES ('9780596009205', 'Bert Bates');
INSERT INTO book_authors (book_isbn, authors) VALUES ('9789464632569', 'Norhayati Zakuan');
INSERT INTO book_authors (book_isbn, authors) VALUES ('9780133488852', 'Donald E. Knuth');
INSERT INTO book_authors (book_isbn, authors) VALUES ('9788120332782', 'R. PANNEERSELVAM');
INSERT INTO book_authors (book_isbn, authors) VALUES ('9783319487434', 'Wojciech Cellary');
INSERT INTO book_authors (book_isbn, authors) VALUES ('9783319487434', 'Mohamed F. Mokbel');
INSERT INTO book_authors (book_isbn, authors) VALUES ('9783319487434', 'Jianmin Wang');
INSERT INTO book_authors (book_isbn, authors) VALUES ('9783319487434', 'Hua Wang');
INSERT INTO book_authors (book_isbn, authors) VALUES ('9783319487434', 'Rui Zhou');
INSERT INTO book_authors (book_isbn, authors) VALUES ('9783319487434', 'Yanchun Zhang');
INSERT INTO book_authors (book_isbn, authors) VALUES ('9780201715941', 'Alan Shalloway');
INSERT INTO book_authors (book_isbn, authors) VALUES ('9780201715941', 'James Trott');
INSERT INTO book_authors (book_isbn, authors) VALUES ('9781599042213', 'Taibi, Toufik');
INSERT INTO book_authors (book_isbn, authors) VALUES ('9780321700698', 'Erich Gamma');
INSERT INTO book_authors (book_isbn, authors) VALUES ('9780321700698', 'Richard Helm');
INSERT INTO book_authors (book_isbn, authors) VALUES ('9780321700698', 'Ralph Johnson');
INSERT INTO book_authors (book_isbn, authors) VALUES ('9780321700698', 'John Vlissides');
INSERT INTO book_authors (book_isbn, authors) VALUES ('9783642013966', 'Colin Ashford');
INSERT INTO book_authors (book_isbn, authors) VALUES ('9783642013966', 'Pierre Gauthier');
INSERT INTO book_authors (book_isbn, authors) VALUES ('9791173089138', '씨익북스 편집부');
INSERT INTO book_authors (book_isbn, authors) VALUES ('9791169218399', '애디 오스마니');
INSERT INTO book_authors (book_isbn, authors) VALUES ('0201776405', 'Sherif M. Yacoub');
INSERT INTO book_authors (book_isbn, authors) VALUES ('0201776405', 'Hany Hussein Ammar');
INSERT INTO book_authors (book_isbn, authors) VALUES ('0201485397', 'James William Cooper');
INSERT INTO book_authors (book_isbn, authors) VALUES ('0201699567', 'Bruce Powel Douglass');
INSERT INTO book_authors (book_isbn, authors) VALUES ('9781098139834', 'Addy Osmani');
INSERT INTO book_authors (book_isbn, authors) VALUES ('9791173089794', '씨익북스 편집부');
INSERT INTO book_authors (book_isbn, authors) VALUES ('9780136083252', 'Robert C. Martin');
INSERT INTO book_authors (book_isbn, authors) VALUES ('9791169218436', '막시밀리아노 콘티에리(Maximiliano Contieri)');
INSERT INTO book_authors (book_isbn, authors) VALUES ('9781804618752', 'Carsten Windler');
INSERT INTO book_authors (book_isbn, authors) VALUES ('9781804618752', 'Alexandre Daubois');
INSERT INTO book_authors (book_isbn, authors) VALUES ('9791140711802', '길벗알앤디');
INSERT INTO book_authors (book_isbn, authors) VALUES ('9781932504101', 'Rick Miller');
INSERT INTO book_authors (book_isbn, authors) VALUES ('9781786461933', 'Jeganathan Swaminathan');
INSERT INTO book_authors (book_isbn, authors) VALUES ('9783642222030', 'Jasni Mohamad Zain');
INSERT INTO book_authors (book_isbn, authors) VALUES ('9783642222030', 'Wan Maseri Wan Mohd');
INSERT INTO book_authors (book_isbn, authors) VALUES ('9783642222030', 'Eyas El-Qawasmeh');
INSERT INTO book_authors (book_isbn, authors) VALUES ('9791160700176', 'Jort Rodenburg');
INSERT INTO book_authors (book_isbn, authors) VALUES ('9783031213885', 'Davide Taibi');
INSERT INTO book_authors (book_isbn, authors) VALUES ('9783031213885', 'Marco Kuhrmann');
INSERT INTO book_authors (book_isbn, authors) VALUES ('9783031213885', 'Tommi Mikkonen');
INSERT INTO book_authors (book_isbn, authors) VALUES ('9783031213885', 'Jil Klünder');
INSERT INTO book_authors (book_isbn, authors) VALUES ('9783031213885', 'Pekka Abrahamsson');
INSERT INTO book_authors (book_isbn, authors) VALUES ('9789401802901', 'Andrew Josey');
INSERT INTO book_authors (book_isbn, authors) VALUES ('9789401802901', 'Rachel Harrison');
INSERT INTO book_authors (book_isbn, authors) VALUES ('9078525029', 'Penelope Dean');
INSERT INTO book_authors (book_isbn, authors) VALUES ('9780138158194', 'Thomas Erl');
INSERT INTO book_authors (book_isbn, authors) VALUES ('VsdelAljaMMC', 'Library of Congress');
INSERT INTO book_authors (book_isbn, authors) VALUES ('9781630814342', 'Cristian Bojinca');
INSERT INTO book_authors (book_isbn, authors) VALUES ('y_zhAAAAMAAJ', 'University of Michigan');
INSERT INTO book_authors (book_isbn, authors) VALUES ('CEl6ScPP8bgC', 'Library of Congress');
INSERT INTO book_authors (book_isbn, authors) VALUES ('CEl6ScPP8bgC', 'Library of Congress. Subject Cataloging Division');
INSERT INTO book_authors (book_isbn, authors) VALUES ('186470019X', 'Kishō Kurokawa');

-- Popular search keywords (초기 데이터)
INSERT INTO search_keywords (keyword, search_count) VALUES
('Java', 150),
('Spring', 120),
('Python', 100),
('JavaScript', 95),
('React', 80),
('Database', 75),
('Algorithm', 70),
('Clean Code', 65),
('Design Pattern', 60),
('Architecture', 55),
('MongoDB', 50),
('SQL', 45);